"discotope prediction for 4CMP chain A. Columns are in the order of Chain Id,Residue Id,Residue Name,Contact Number,Propensity Score,DiscoTope Score and Prediction."
chain_id,residue_id,residue_name,contact_number,propensity_score,discotope_score
A,4,LYS,9,-6.391,-6.691
A,5,TYR,26,-12.721,-14.248
A,6,SER,32,-18.498,-20.05
A,7,ILE,36,-20.254,-22.065
A,8,GLY,39,-21.462,-23.479
A,9,LEU,40,-24.081,-25.912
A,10,ASP,32,-23.622,-24.585
A,11,ILE,40,-23.768,-25.634
A,12,GLY,24,-21.488,-21.777
A,13,THR,15,-16.486,-16.315
A,14,ASN,12,-17.881,-17.205
A,15,SER,26,-21.375,-21.907
A,16,VAL,35,-21.535,-23.084
A,17,GLY,29,-22.645,-23.376
A,18,TRP,39,-22.356,-24.27
A,19,ALA,34,-20.954,-22.454
A,20,VAL,29,-17.749,-19.043
A,21,ILE,35,-17.302,-19.337
A,22,THR,12,-12.832,-12.736
A,23,ASP,4,-10.438,-9.698
A,24,GLU,12,-8.372,-8.789
A,25,TYR,33,-13.002,-15.301
A,26,LYS,9,-11.466,-11.182
A,27,VAL,37,-14.784,-17.339
A,28,PRO,23,-10.19,-11.663
A,29,SER,9,-5.863,-6.224
A,30,LYS,26,-3.844,-6.392
A,31,LYS,4,-1.875,-2.12
A,32,PHE,28,-3.934,-6.702
A,33,LYS,3,-3.156,-3.138
A,34,VAL,17,-4.885,-6.278
A,35,LEU,8,-4.633,-5.02
A,36,GLY,27,-5.359,-7.847
A,37,ASN,7,-5.486,-5.66
A,38,THR,21,-3.911,-5.877
A,39,ASP,1,0.144,0.012
A,40,ARG,19,-0.987,-3.059
A,41,HIS,1,0.386,0.227
A,42,SER,6,-0.927,-1.51
A,43,ILE,22,-3.471,-5.602
A,44,LYS,5,-2.584,-2.862
A,45,LYS,29,-6.155,-8.782
A,46,ASN,28,-9.684,-11.79
A,47,LEU,29,-16.1,-17.584
A,48,ILE,32,-17.671,-19.319
A,49,GLY,30,-18.186,-19.545
A,50,ALA,35,-21.321,-22.894
A,51,LEU,37,-21.968,-23.697
A,52,LEU,24,-23.853,-23.87
A,53,PHE,36,-18.459,-20.477
A,54,ASP,20,-13.979,-14.672
A,55,SER,19,-11.566,-12.421
A,56,GLY,19,-10.948,-11.874
A,57,GLU,9,-9.197,-9.174
A,58,THR,23,-10.334,-11.791
A,59,ALA,10,-7.286,-7.598
A,60,GLU,23,-9.878,-11.387
A,61,ALA,20,-8.62,-9.929
A,62,THR,10,-4.581,-5.204
A,63,ARG,15,-2.596,-4.023
A,64,LEU,26,-7.574,-9.693
A,65,LYS,16,-4.022,-5.399
A,66,ARG,17,-1.906,-3.642
A,67,THR,15,-0.24,-1.937
A,68,ALA,2,1.46,1.062
A,69,ARG,7,4.952,3.578
A,70,ARG,16,3.244,1.031
A,71,ARG,17,0.642,-1.387
A,72,TYR,5,2.322,1.48
A,73,THR,16,0.529,-1.372
A,74,ARG,24,1.471,-1.459
A,75,ARG,17,-1.12,-2.946
A,76,LYS,14,-1.246,-2.713
A,77,ASN,16,-1.079,-2.795
A,78,ARG,24,-3.579,-5.927
A,79,ILE,24,-4.878,-7.077
A,80,CYS,13,-4.863,-5.799
A,81,TYR,21,-4.913,-6.763
A,82,LEU,32,-6.957,-9.837
A,83,GLN,23,-7.333,-9.135
A,84,GLU,14,-6.412,-7.285
A,85,ILE,31,-7.218,-9.953
A,86,PHE,29,-7.944,-10.366
A,87,SER,13,-7.667,-8.28
A,88,ASN,7,-5.093,-5.313
A,89,GLU,21,-7.016,-8.624
A,90,MET,25,-9.427,-11.218
A,91,ALA,13,-7.471,-8.107
A,92,LYS,8,-8.213,-8.189
A,93,VAL,21,-9.178,-10.538
A,94,ASP,26,-7.286,-9.438
A,95,ASP,19,-8.566,-9.766
A,96,SER,25,-10.575,-12.234
A,97,PHE,25,-10.414,-12.091
A,98,PHE,31,-8.99,-11.521
A,99,HIS,32,-9.18,-11.804
A,100,ARG,32,-7.34,-10.176
A,101,LEU,21,-7.123,-8.719
A,102,GLU,10,-3.696,-4.421
A,115,ARG,13,-0.701,-2.116
A,116,HIS,8,-3.786,-4.27
A,117,PRO,24,-4.953,-7.144
A,118,ILE,25,-7.119,-9.175
A,119,PHE,18,-6.637,-7.944
A,120,GLY,23,-6.791,-8.655
A,121,ASN,9,-3.34,-3.991
A,122,ILE,8,-2.83,-3.424
A,123,VAL,3,-2.532,-2.586
A,124,ASP,19,-4.408,-6.086
A,125,GLU,17,-4.293,-5.755
A,126,VAL,6,-1.564,-2.074
A,127,ALA,9,-3.022,-3.709
A,128,TYR,25,-5.028,-7.325
A,129,HIS,11,-2.342,-3.337
A,130,GLU,6,-1.627,-2.13
A,131,LYS,17,-2.447,-4.12
A,132,TYR,24,-3.797,-6.12
A,133,PRO,11,-2.675,-3.632
A,134,THR,21,-3.673,-5.665
A,135,ILE,18,-5.053,-6.542
A,136,TYR,21,-5.821,-7.566
A,137,HIS,12,-5.722,-6.444
A,138,LEU,24,-6.898,-8.865
A,139,ARG,29,-7.65,-10.105
A,140,LYS,18,-5.538,-6.972
A,141,LYS,21,-5.962,-7.692
A,142,LEU,39,-9.085,-12.525
A,143,VAL,26,-6.764,-8.976
A,144,ASP,13,-5.097,-6.006
A,145,SER,17,-5.288,-6.635
A,146,THR,0,-4.087,-3.617
A,147,ASP,8,-4.684,-5.065
A,148,LYS,7,-5.716,-5.864
A,149,ALA,29,-9.44,-11.689
A,150,ASP,16,-9.777,-10.493
A,151,LEU,23,-9.701,-11.23
A,152,ARG,22,-11.43,-12.645
A,153,LEU,31,-9.602,-12.063
A,154,ILE,34,-10.16,-12.902
A,155,TYR,30,-9.497,-11.855
A,156,LEU,28,-8.406,-10.66
A,157,ALA,37,-9.347,-12.527
A,158,LEU,36,-9.161,-12.247
A,159,ALA,25,-7.037,-9.103
A,160,HIS,23,-6.321,-8.24
A,161,MET,38,-4.9,-8.706
A,162,ILE,32,-6.57,-9.495
A,163,LYS,14,-3.168,-4.414
A,164,PHE,15,-4.781,-5.956
A,165,ARG,26,-5.99,-8.291
A,166,GLY,31,-9.538,-12.007
A,167,HIS,24,-10.702,-12.231
A,168,PHE,17,-10.962,-11.656
A,169,LEU,26,-15.724,-16.905
A,170,ILE,29,-12.14,-14.079
A,171,GLU,9,-8.836,-8.855
A,172,GLY,7,-6.329,-6.406
A,173,ASP,4,-4.244,-4.216
A,174,LEU,25,-7.394,-9.418
A,175,ASN,7,-6.532,-6.586
A,176,PRO,1,-8.657,-7.776
A,177,ASP,7,-9.193,-8.941
A,178,ASN,18,-14.294,-14.72
A,179,SER,18,-15.297,-15.608
A,180,ASP,12,-15.669,-15.247
A,181,VAL,24,-18.501,-19.134
A,182,ASP,8,-15.725,-14.837
A,183,LYS,10,-14.509,-13.99
A,184,LEU,33,-18.025,-19.747
A,185,PHE,30,-18.478,-19.803
A,186,ILE,14,-14.96,-14.849
A,187,GLN,28,-16.133,-17.497
A,188,LEU,36,-17.37,-19.512
A,189,VAL,21,-12.511,-13.487
A,190,GLN,14,-13.336,-13.412
A,191,THR,25,-13.518,-14.838
A,192,TYR,28,-11.632,-13.514
A,193,ASN,19,-8.308,-9.537
A,194,GLN,18,-8.343,-9.454
A,195,LEU,23,-9.516,-11.067
A,196,PHE,21,-5.716,-7.473
A,197,GLU,18,-0.236,-2.279
A,198,GLU,20,3.107,0.45
A,199,ASN,21,-0.455,-2.818
A,200,PRO,22,-2.772,-4.983
A,201,ILE,30,-6.846,-9.509
A,202,ASN,15,-6.555,-7.526
A,203,ALA,19,-10.121,-11.142
A,204,SER,13,-6.571,-7.31
A,205,GLY,0,-8.414,-7.446
A,206,VAL,30,-12.22,-14.265
A,207,ASP,5,-12.256,-11.421
A,208,ALA,29,-16.22,-17.69
A,209,LYS,13,-16.427,-16.033
A,210,ALA,7,-15.435,-14.465
A,211,ILE,27,-16.441,-17.655
A,212,LEU,37,-18.674,-20.781
A,213,SER,19,-18.061,-18.169
A,214,ALA,17,-13.33,-13.752
A,215,ARG,11,-11.787,-11.696
A,216,LEU,15,-11.578,-11.971
A,217,SER,12,-11.124,-11.225
A,218,LYS,24,-14.659,-15.734
A,219,SER,6,-13.618,-12.742
A,220,ARG,11,-12.457,-12.289
A,221,ARG,27,-15.245,-16.596
A,222,LEU,25,-15.828,-16.883
A,223,GLU,6,-11.62,-10.974
A,224,ASN,17,-12.585,-13.092
A,225,LEU,39,-14.179,-17.033
A,226,ILE,21,-12.321,-13.319
A,227,ALA,11,-9.318,-9.512
A,228,GLN,24,-10.976,-12.474
A,229,LEU,31,-9.503,-11.975
A,230,PRO,9,-6.24,-6.557
A,231,GLY,13,-2.733,-3.913
A,232,GLU,27,-7.281,-9.548
A,233,LYS,8,-7.986,-7.988
A,234,LYS,10,-9.369,-9.442
A,235,ASN,9,-8.525,-8.58
A,236,GLY,21,-9.44,-10.769
A,237,LEU,22,-11.579,-12.778
A,238,PHE,29,-15.443,-17.002
A,239,GLY,21,-14.408,-15.166
A,240,ASN,21,-15.66,-16.274
A,241,LEU,30,-20.122,-21.258
A,242,ILE,34,-19.965,-21.579
A,243,ALA,23,-18.414,-18.941
A,244,LEU,35,-19.884,-21.622
A,245,SER,42,-19.857,-22.404
A,246,LEU,32,-19.942,-21.329
A,247,GLY,27,-17.919,-18.963
A,248,LEU,24,-16.213,-17.109
A,249,THR,14,-14.379,-14.336
A,250,PRO,31,-13.834,-15.808
A,251,ASN,7,-10.538,-10.131
A,252,PHE,31,-10.722,-13.054
A,253,LYS,10,-7.829,-8.078
A,254,SER,12,-5.046,-5.845
A,255,ASN,29,-6.038,-8.678
A,256,PHE,28,-7.203,-9.595
A,257,ASP,1,-3.211,-2.957
A,258,LEU,22,-5.915,-7.765
A,259,ALA,3,-3.828,-3.732
A,260,GLU,7,-4.68,-4.947
A,261,ASP,6,-5.67,-5.708
A,262,ALA,25,-11.8,-13.318
A,263,LYS,10,-11.83,-11.619
A,264,LEU,34,-15.498,-17.626
A,265,GLN,12,-14.378,-14.105
A,266,LEU,33,-14.347,-16.492
A,267,SER,19,-9.657,-10.731
A,268,LYS,20,-6.873,-8.383
A,269,ASP,6,-2.544,-2.942
A,270,THR,7,-4.267,-4.581
A,271,TYR,26,-9.576,-11.465
A,272,ASP,21,-10.905,-12.066
A,273,ASP,13,-6.96,-7.655
A,274,ASP,22,-10.063,-11.435
A,275,LEU,32,-15.113,-17.055
A,276,ASP,26,-12.748,-14.272
A,277,ASN,18,-10.914,-11.729
A,278,LEU,32,-11.867,-14.183
A,279,LEU,27,-13.86,-15.371
A,280,ALA,23,-12.588,-13.786
A,281,GLN,17,-10.428,-11.184
A,282,ILE,29,-8.858,-11.175
A,283,GLY,8,-11.346,-10.961
A,284,ASP,25,-16.947,-17.873
A,285,GLN,12,-14.837,-14.511
A,286,TYR,20,-16.152,-16.594
A,287,ALA,27,-17.552,-18.639
A,288,ASP,21,-19.051,-19.275
A,289,LEU,29,-17.638,-18.944
A,290,PHE,36,-19.187,-21.12
A,291,LEU,25,-20.039,-20.609
A,292,ALA,27,-19.872,-20.691
A,293,ALA,33,-21.799,-23.087
A,294,LYS,26,-17.968,-18.892
A,295,ASN,29,-20.841,-21.779
A,296,LEU,37,-20.591,-22.478
A,297,SER,34,-19.37,-21.052
A,298,ASP,28,-17.032,-18.293
A,299,ALA,30,-19.388,-20.608
A,300,ILE,40,-18.189,-20.697
A,301,LEU,33,-15.794,-17.772
A,302,LEU,31,-15.073,-16.905
A,303,SER,25,-13.196,-14.553
A,304,ASP,27,-11.616,-13.385
A,305,ILE,31,-10.188,-12.582
A,306,LEU,21,-8.131,-9.611
A,307,ARG,13,-5.798,-6.626
A,314,LYS,20,-4.483,-6.267
A,315,ALA,33,-4.952,-8.177
A,316,PRO,17,-5.999,-7.264
A,317,LEU,37,-6.49,-9.999
A,318,SER,31,-5.661,-8.575
A,319,ALA,15,-3.774,-5.065
A,320,SER,18,-5.835,-7.234
A,321,MET,22,-6.667,-8.43
A,322,ILE,19,-3.509,-5.29
A,323,LYS,12,-4.338,-5.219
A,324,ARG,26,-4.005,-6.534
A,325,TYR,17,-3.742,-5.267
A,326,ASP,10,-4.14,-4.814
A,327,GLU,19,-2.833,-4.693
A,328,HIS,20,-1.679,-3.786
A,329,HIS,8,-0.699,-1.539
A,330,GLN,12,-0.672,-1.974
A,331,ASP,23,-2.381,-4.752
A,332,LEU,19,-1.835,-3.809
A,333,THR,5,-1.683,-2.064
A,334,LEU,18,-3.509,-5.175
A,335,LEU,33,-3.878,-7.227
A,336,LYS,12,-3.127,-4.147
A,337,ALA,9,-4.008,-4.582
A,338,LEU,20,-4.085,-5.915
A,339,VAL,22,-4.0,-6.07
A,340,ARG,6,-4.075,-4.296
A,341,GLN,12,-3.914,-4.844
A,342,GLN,14,-3.882,-5.046
A,343,LEU,22,-3.953,-6.029
A,344,PRO,1,-2.602,-2.417
A,345,GLU,3,-2.013,-2.126
A,346,LYS,20,-2.503,-4.515
A,347,TYR,14,-2.871,-4.151
A,348,LYS,1,-2.252,-2.108
A,349,GLU,12,-2.004,-3.154
A,350,ILE,26,-1.719,-4.511
A,351,PHE,17,-1.841,-3.585
A,352,PHE,8,-1.369,-2.131
A,353,ASP,13,-0.855,-2.252
A,354,GLN,4,-0.424,-0.835
A,355,SER,0,0.27,0.239
A,356,LYS,15,-0.569,-2.229
A,357,ASN,13,-0.686,-2.102
A,358,GLY,20,-1.22,-3.38
A,359,TYR,24,-0.806,-3.473
A,360,ALA,13,0.078,-1.426
A,361,GLY,20,0.525,-1.835
A,362,TYR,25,0.433,-2.492
A,363,ILE,16,1.296,-0.693
A,364,ASP,8,2.4,1.204
A,365,GLY,21,1.793,-0.828
A,366,GLY,0,2.285,2.022
A,367,ALA,27,0.019,-3.088
A,368,SER,10,0.074,-1.084
A,369,GLN,23,-3.153,-5.435
A,370,GLU,7,-1.952,-2.533
A,371,GLU,16,-1.084,-2.799
A,372,PHE,30,-0.739,-4.104
A,373,TYR,18,-2.392,-4.187
A,374,LYS,6,-0.97,-1.549
A,375,PHE,27,-1.655,-4.57
A,376,ILE,41,-2.109,-6.581
A,377,LYS,13,-2.111,-3.363
A,378,PRO,9,-2.263,-3.038
A,379,ILE,28,-3.558,-6.369
A,380,LEU,23,-3.417,-5.669
A,381,GLU,9,-3.417,-4.059
A,382,LYS,13,-3.285,-4.403
A,383,MET,27,-3.127,-5.872
A,384,ASP,1,-3.993,-3.649
A,385,GLY,21,-4.446,-6.35
A,386,THR,18,-4.17,-5.761
A,387,GLU,3,-3.425,-3.376
A,388,GLU,10,-3.324,-4.092
A,389,LEU,29,-4.183,-7.037
A,390,LEU,12,-4.949,-5.76
A,391,VAL,8,-6.288,-6.485
A,392,LYS,22,-7.586,-9.244
A,393,LEU,24,-5.975,-8.048
A,394,ASN,12,-6.976,-7.554
A,395,ARG,18,-10.149,-11.052
A,396,GLU,19,-9.097,-10.236
A,397,ASP,19,-9.448,-10.546
A,398,LEU,32,-5.965,-8.959
A,399,LEU,32,-3.002,-6.337
A,400,ARG,21,-4.067,-6.014
A,401,LYS,19,-1.91,-3.875
A,402,GLN,14,-2.051,-3.426
A,403,ARG,9,-0.011,-1.045
A,404,THR,20,-4.813,-6.56
A,405,PHE,25,-11.341,-12.912
A,406,ASP,35,-11.967,-14.616
A,407,ASN,32,-14.517,-16.528
A,408,GLY,25,-13.733,-15.029
A,409,SER,19,-11.579,-12.432
A,410,ILE,30,-10.077,-12.368
A,411,PRO,32,-11.954,-14.26
A,412,HIS,21,-8.399,-9.848
A,413,GLN,19,-6.582,-8.01
A,414,ILE,29,-7.73,-10.176
A,415,HIS,26,-7.733,-9.834
A,416,LEU,20,-6.685,-8.216
A,417,GLY,22,-7.396,-9.076
A,418,GLU,38,-6.903,-10.479
A,419,LEU,26,-9.269,-11.193
A,420,HIS,14,-7.437,-8.191
A,421,ALA,23,-7.255,-9.066
A,422,ILE,36,-9.873,-12.877
A,423,LEU,26,-8.843,-10.816
A,424,ARG,11,-5.21,-5.876
A,425,ARG,27,-5.735,-8.18
A,426,GLN,32,-7.228,-10.076
A,427,GLU,17,-5.225,-6.579
A,428,ASP,9,-3.376,-4.023
A,429,PHE,16,-4.18,-5.539
A,430,TYR,30,-6.747,-9.421
A,431,PRO,2,-4.885,-4.553
A,432,PHE,15,-6.044,-7.074
A,433,LEU,24,-7.244,-9.171
A,434,LYS,5,-4.268,-4.352
A,435,ASP,10,-3.137,-3.926
A,436,ASN,21,-3.393,-5.418
A,437,ARG,18,-4.355,-5.924
A,438,GLU,1,-1.79,-1.699
A,439,LYS,15,-3.233,-4.587
A,440,ILE,34,-5.097,-8.421
A,441,GLU,16,-4.164,-5.525
A,442,LYS,9,-0.88,-1.814
A,443,ILE,29,-4.619,-7.423
A,444,LEU,29,-5.546,-8.243
A,445,THR,18,-4.103,-5.701
A,446,PHE,22,-1.104,-3.507
A,447,ARG,18,-0.027,-2.094
A,503,PRO,24,-1.216,-3.836
A,504,ASN,14,-1.144,-2.623
A,505,GLU,17,-4.037,-5.528
A,506,LYS,24,-8.054,-9.888
A,507,VAL,22,-8.877,-10.386
A,508,LEU,27,-9.947,-11.908
A,509,PRO,31,-8.945,-11.482
A,510,LYS,9,-9.966,-9.855
A,511,HIS,22,-8.957,-10.457
A,512,SER,29,-11.0,-13.07
A,513,LEU,25,-11.332,-12.904
A,514,LEU,31,-12.229,-14.388
A,515,TYR,24,-12.258,-13.608
A,516,GLU,27,-12.197,-13.9
A,517,TYR,27,-12.132,-13.842
A,518,PHE,27,-10.977,-12.82
A,519,THR,25,-10.808,-12.44
A,520,VAL,33,-11.384,-13.87
A,521,TYR,25,-10.9,-12.522
A,522,ASN,21,-8.83,-10.23
A,523,GLU,19,-9.083,-10.223
A,524,LEU,35,-10.018,-12.891
A,525,THR,16,-8.422,-9.293
A,526,LYS,6,-8.295,-8.031
A,527,VAL,21,-7.282,-8.86
A,540,LEU,21,-6.976,-8.589
A,541,SER,3,-6.041,-5.691
A,542,GLY,9,-7.075,-7.296
A,543,GLU,0,-5.179,-4.584
A,544,GLN,9,-5.805,-6.172
A,545,LYS,21,-8.365,-9.818
A,546,LYS,7,-7.03,-7.027
A,547,ALA,7,-6.578,-6.627
A,548,ILE,31,-7.994,-10.64
A,549,VAL,31,-9.257,-11.758
A,550,ASP,10,-6.946,-7.297
A,551,LEU,14,-7.135,-7.925
A,552,LEU,22,-8.057,-9.66
A,553,PHE,29,-9.205,-11.482
A,554,LYS,16,-8.75,-9.584
A,555,THR,10,-6.513,-6.914
A,556,ASN,19,-5.929,-7.433
A,557,ARG,8,-6.996,-7.111
A,558,LYS,5,-6.946,-6.722
A,559,VAL,30,-7.125,-9.755
A,560,THR,3,-5.953,-5.613
A,561,VAL,5,-4.896,-4.908
A,562,LYS,0,-3.632,-3.214
A,563,GLN,15,-4.279,-5.512
A,564,LEU,19,-5.371,-6.939
A,565,LYS,2,-4.145,-3.898
A,566,GLU,9,-3.369,-4.017
A,567,ASP,22,-3.97,-6.043
A,587,PHE,33,-8.364,-11.197
A,588,ASN,7,-8.088,-7.963
A,589,ALA,23,-10.75,-12.159
A,590,SER,13,-10.82,-11.07
A,591,LEU,28,-11.132,-13.072
A,592,GLY,18,-9.317,-10.315
A,593,THR,31,-9.698,-12.148
A,594,TYR,29,-10.188,-12.352
A,595,HIS,16,-8.274,-9.162
A,596,ASP,24,-6.992,-8.948
A,597,LEU,30,-7.86,-10.407
A,598,LEU,13,-5.892,-6.71
A,599,LYS,12,-3.391,-4.381
A,600,ILE,25,-3.336,-5.827
A,601,ILE,23,-3.548,-5.785
A,602,LYS,9,-3.244,-3.906
A,603,ASP,16,-4.474,-5.8
A,604,LYS,8,-4.455,-4.863
A,605,ASP,2,-4.516,-4.227
A,606,PHE,21,-4.557,-6.448
A,607,LEU,24,-8.431,-10.221
A,608,ASP,13,-8.049,-8.618
A,609,ASN,8,-6.316,-6.51
A,610,GLU,4,-7.95,-7.495
A,611,GLU,3,-6.52,-6.115
A,612,ASN,19,-7.041,-8.417
A,613,GLU,21,-7.633,-9.17
A,614,ASP,4,-6.495,-6.208
A,615,ILE,18,-6.296,-7.642
A,616,LEU,28,-7.299,-9.68
A,617,GLU,21,-7.203,-8.789
A,618,ASP,15,-6.513,-7.489
A,619,ILE,31,-6.558,-9.369
A,620,VAL,30,-6.632,-9.32
A,621,LEU,19,-7.356,-8.695
A,622,THR,26,-6.234,-8.507
A,623,LEU,28,-5.549,-8.131
A,624,THR,29,-7.451,-9.93
A,625,LEU,28,-9.421,-11.558
A,626,PHE,24,-6.245,-8.287
A,627,GLU,15,-3.889,-5.167
A,628,ASP,18,-2.754,-4.507
A,629,ARG,8,-1.232,-2.011
A,630,GLU,10,-0.362,-1.471
A,631,MET,25,-2.33,-4.937
A,632,ILE,26,-3.464,-6.056
A,633,GLU,10,-2.211,-3.107
A,634,GLU,13,-2.473,-3.683
A,635,ARG,28,-3.621,-6.425
A,636,LEU,32,-3.067,-6.394
A,637,LYS,6,-2.263,-2.693
A,638,THR,10,-2.242,-3.134
A,639,TYR,26,-2.403,-5.117
A,640,ALA,12,-1.783,-2.958
A,641,HIS,1,-2.727,-2.529
A,642,LEU,18,-3.925,-5.544
A,643,PHE,27,-2.958,-5.723
A,644,ASP,11,-1.34,-2.451
A,645,ASP,0,-0.677,-0.599
A,646,LYS,6,-0.149,-0.822
A,647,VAL,18,-1.73,-3.601
A,648,MET,16,-1.297,-2.988
A,649,LYS,2,-0.817,-0.953
A,650,GLN,12,-0.151,-1.514
A,651,LEU,34,-1.621,-5.344
A,652,LYS,19,-1.934,-3.897
A,653,ARG,9,-1.19,-2.088
A,654,ARG,26,-2.832,-5.496
A,655,ARG,15,-3.603,-4.914
A,656,TYR,30,-5.053,-7.922
A,657,THR,9,-6.264,-6.579
A,658,GLY,13,-7.132,-7.806
A,659,TRP,19,-9.778,-10.839
A,660,GLY,28,-9.784,-11.879
A,661,ARG,5,-7.518,-7.228
A,662,LEU,23,-8.582,-10.24
A,663,SER,13,-7.313,-7.967
A,664,ARG,16,-7.718,-8.671
A,665,LYS,12,-4.535,-5.394
A,666,LEU,27,-5.275,-7.773
A,667,ILE,25,-8.197,-10.13
A,668,ASN,18,-5.386,-6.836
A,669,GLY,17,-2.529,-4.193
A,670,ILE,27,-0.752,-3.77
A,671,ARG,2,0.887,0.555
A,672,ASP,21,1.175,-1.375
A,677,LYS,15,-1.158,-2.75
A,678,THR,17,-3.343,-4.914
A,679,ILE,32,-6.309,-9.263
A,680,LEU,18,-7.368,-8.59
A,681,ASP,12,-6.26,-6.92
A,682,PHE,23,-6.09,-8.035
A,683,LEU,25,-8.023,-9.975
A,684,LYS,19,-7.514,-8.835
A,691,ARG,21,-5.911,-7.646
A,692,ASN,9,-7.582,-7.745
A,693,PHE,21,-5.763,-7.516
A,694,MET,3,-3.479,-3.424
A,695,GLN,8,-2.585,-3.208
A,696,LEU,24,-3.491,-5.85
A,697,ILE,15,-2.392,-3.842
A,698,HIS,5,-0.945,-1.412
A,699,ASP,16,-0.678,-2.44
A,700,ASP,0,0.745,0.659
A,701,SER,8,0.042,-0.883
A,702,LEU,22,-0.002,-2.531
A,703,THR,14,0.291,-1.352
A,704,PHE,24,-0.949,-3.599
A,705,LYS,11,0.396,-0.914
A,706,GLU,6,1.785,0.889
A,707,ASP,20,1.089,-1.336
A,708,ILE,22,0.926,-1.711
A,709,GLN,10,1.774,0.42
A,710,LYS,7,3.27,2.089
A,711,ALA,16,1.116,-0.852
A,712,GLN,6,3.186,2.13
A,713,VAL,7,2.427,1.343
A,714,SER,12,2.2,0.567
A,718,ASP,10,0.083,-1.077
A,719,SER,10,-2.236,-3.129
A,720,LEU,21,-6.236,-7.934
A,721,HIS,13,-5.681,-6.522
A,722,GLU,13,-2.615,-3.809
A,723,HIS,19,-6.254,-7.719
A,724,ILE,30,-11.659,-13.768
A,725,ALA,20,-7.179,-8.653
A,726,ASN,19,-6.495,-7.933
A,727,LEU,35,-12.984,-15.516
A,728,ALA,27,-16.496,-17.704
A,729,GLY,31,-16.294,-17.985
A,730,SER,21,-14.64,-15.372
A,731,PRO,20,-12.022,-12.94
A,732,ALA,24,-13.216,-14.456
A,733,ILE,29,-18.648,-19.839
A,734,LYS,33,-16.697,-18.572
A,735,LYS,25,-15.374,-16.481
A,736,GLY,31,-18.091,-19.576
A,737,ILE,33,-18.936,-20.553
A,738,LEU,31,-15.421,-17.213
A,739,GLN,36,-16.889,-19.087
A,740,THR,40,-18.963,-21.382
A,741,VAL,26,-16.311,-17.425
A,742,LYS,25,-14.546,-15.748
A,743,VAL,39,-16.891,-19.434
A,744,VAL,34,-17.721,-19.593
A,745,ASP,12,-14.423,-14.144
A,746,GLU,26,-12.398,-13.962
A,747,LEU,42,-14.334,-17.516
A,748,VAL,20,-11.909,-12.84
A,749,LYS,13,-7.613,-8.232
A,750,VAL,34,-9.161,-12.017
A,751,MET,24,-9.116,-10.828
A,752,GLY,6,-3.38,-3.682
A,753,ARG,0,-5.218,-4.618
A,754,HIS,12,-3.281,-4.284
A,755,LYS,15,-8.25,-9.026
A,756,PRO,38,-13.04,-15.91
A,757,GLU,18,-11.498,-12.245
A,758,ASN,31,-16.092,-17.807
A,759,ILE,39,-20.427,-22.563
A,760,VAL,34,-21.293,-22.754
A,761,ILE,37,-24.702,-26.116
A,762,GLU,30,-23.802,-24.515
A,763,MET,28,-24.177,-24.617
A,764,ALA,32,-21.638,-22.829
A,775,LYS,8,4.416,2.988
A,776,ASN,12,4.8,2.868
A,777,SER,9,7.746,5.821
A,778,ARG,1,5.622,4.86
A,779,GLU,15,4.677,2.414
A,780,ARG,25,6.093,2.517
A,781,MET,12,5.759,3.716
A,782,LYS,12,5.773,3.729
A,783,ARG,31,6.348,2.053
A,784,ILE,27,6.288,2.46
A,785,GLU,11,5.404,3.517
A,786,GLU,20,4.768,1.92
A,787,GLY,27,4.478,0.858
A,788,ILE,16,3.869,1.584
A,789,LYS,11,3.582,1.905
A,790,GLU,20,2.802,0.18
A,791,LEU,17,0.943,-1.121
A,799,HIS,0,2.153,1.905
A,800,PRO,3,2.783,2.118
A,801,VAL,28,4.525,0.785
A,802,GLU,1,4.72,4.063
A,803,ASN,9,5.344,3.695
A,804,THR,0,5.099,4.512
A,805,GLN,13,4.806,2.758
A,806,LEU,23,5.508,2.229
A,807,GLN,6,7.86,6.266
A,808,ASN,22,6.623,3.331
A,809,GLU,19,6.04,3.16
A,810,LYS,16,5.971,3.444
A,811,LEU,15,6.16,3.727
A,812,TYR,24,7.993,4.313
A,813,LEU,30,9.189,4.683
A,814,TYR,21,7.118,3.885
A,815,TYR,27,6.196,2.379
A,816,LEU,37,8.23,3.028
A,817,GLN,35,7.029,2.195
A,818,ASN,21,5.976,2.873
A,819,GLY,10,4.943,3.224
A,820,ARG,19,5.094,2.323
A,821,ASP,23,5.306,2.051
A,822,MET,41,5.656,0.29
A,823,TYR,28,3.895,0.227
A,824,VAL,18,3.973,1.446
A,825,ASP,10,3.89,2.293
A,826,GLN,13,3.255,1.386
A,827,GLU,4,2.708,1.937
A,828,LEU,31,3.351,-0.6
A,829,ASP,1,2.863,2.419
A,830,ILE,9,4.001,2.506
A,831,ASN,0,2.805,2.483
A,832,ARG,6,2.934,1.907
A,833,LEU,27,3.069,-0.389
A,834,SER,18,4.139,1.593
A,835,ASP,5,3.325,2.368
A,836,TYR,27,2.819,-0.61
A,837,ASP,17,3.316,0.979
A,838,VAL,22,5.478,2.318
A,839,ASP,32,6.538,2.106
A,840,HIS,19,5.742,2.896
A,841,ILE,28,4.752,0.986
A,842,VAL,26,3.366,-0.011
A,843,PRO,28,1.912,-1.528
A,844,GLN,26,-0.627,-3.544
A,845,SER,25,-0.411,-3.239
A,846,PHE,26,-0.95,-3.831
A,847,LEU,27,-2.25,-5.096
A,848,LYS,22,-2.221,-4.495
A,849,ASP,28,0.454,-2.818
A,850,ASP,13,3.435,1.545
A,851,SER,21,4.845,1.873
A,852,ILE,31,8.825,4.245
A,853,ASP,17,5.976,3.334
A,854,ASN,16,6.138,3.592
A,855,LYS,20,8.327,5.07
A,856,VAL,40,7.995,2.475
A,857,LEU,28,6.558,2.584
A,858,THR,21,4.573,1.632
A,859,ARG,14,4.12,2.037
A,862,LYS,24,5.966,2.52
A,863,ASN,3,5.116,4.183
A,864,ARG,19,4.313,1.632
A,865,GLY,32,5.224,0.943
A,866,LYS,25,4.784,1.359
A,867,SER,16,5.709,3.212
A,868,ASP,6,3.458,2.37
A,869,ASN,21,3.814,0.96
A,870,VAL,12,3.559,1.77
A,871,PRO,24,3.756,0.564
A,872,SER,30,3.392,-0.448
A,873,GLU,13,3.033,1.189
A,874,GLU,1,4.294,3.685
A,875,VAL,8,4.171,2.771
A,876,VAL,29,4.048,0.247
A,877,LYS,14,3.846,1.794
A,878,LYS,7,4.043,2.773
A,879,MET,31,3.678,-0.31
A,880,LYS,18,5.149,2.487
A,881,ASN,6,3.808,2.68
A,882,TYR,23,5.229,1.982
A,883,TRP,27,5.69,1.931
A,884,ARG,9,4.636,3.068
A,885,GLN,17,4.415,1.953
A,886,LEU,31,5.966,1.715
A,887,LEU,16,3.928,1.637
A,888,ASN,8,2.91,1.655
A,889,ALA,25,3.726,0.422
A,890,LYS,19,3.784,1.164
A,891,LEU,31,6.839,2.488
A,892,ILE,30,5.596,1.503
A,893,THR,22,3.353,0.437
A,894,GLN,9,1.178,0.008
A,895,ARG,19,2.108,-0.319
A,896,LYS,34,4.94,0.462
A,897,PHE,18,4.599,2.0
A,898,ASP,9,3.952,2.463
A,899,ASN,26,4.194,0.722
A,900,LEU,33,4.433,0.128
A,901,THR,15,4.347,2.122
A,902,LYS,19,3.288,0.724
A,908,LEU,30,0.495,-3.012
A,909,SER,9,-1.09,-2.0
A,910,GLU,12,-1.418,-2.635
A,911,LEU,1,-1.522,-1.462
A,912,ASP,20,-0.094,-2.383
A,913,LYS,24,-1.308,-3.918
A,914,ALA,13,-2.879,-4.043
A,915,GLY,7,-4.068,-4.405
A,916,PHE,31,-2.516,-5.792
A,917,ILE,32,-4.823,-7.948
A,918,LYS,14,-6.907,-7.723
A,919,ARG,19,-7.566,-8.881
A,920,GLN,31,-8.299,-10.909
A,921,LEU,32,-12.742,-14.957
A,922,VAL,14,-14.617,-14.546
A,923,GLU,30,-16.358,-17.927
A,924,THR,20,-19.292,-19.374
A,925,ARG,28,-20.9,-21.716
A,926,GLN,26,-18.311,-19.195
A,927,ILE,33,-20.906,-22.297
A,928,THR,29,-21.818,-22.644
A,929,LYS,19,-17.257,-17.458
A,930,HIS,27,-15.8,-17.088
A,931,VAL,37,-19.89,-21.858
A,932,ALA,29,-19.32,-20.434
A,933,GLN,16,-11.012,-11.585
A,934,ILE,30,-12.919,-14.883
A,935,LEU,42,-16.61,-19.53
A,936,ASP,19,-12.757,-13.475
A,937,SER,13,-4.55,-5.522
A,938,ARG,30,-8.577,-11.041
A,939,MET,32,-9.527,-12.112
A,940,ASN,25,-2.869,-5.414
A,941,THR,5,1.176,0.466
A,942,LYS,7,3.57,2.354
A,943,TYR,5,5.369,4.177
A,944,ASP,6,6.568,5.122
A,945,GLU,0,5.988,5.3
A,946,ASN,4,6.028,4.875
A,947,ASP,0,6.245,5.527
A,948,LYS,7,5.993,4.499
A,949,LEU,15,2.79,0.744
A,950,ILE,9,3.668,2.211
A,951,ARG,17,-2.805,-4.437
A,952,GLU,18,-3.765,-5.402
A,953,VAL,29,-9.365,-11.623
A,954,LYS,25,-11.207,-12.793
A,955,VAL,27,-16.959,-18.114
A,956,ILE,36,-19.823,-21.684
A,957,THR,26,-22.067,-22.519
A,958,LEU,34,-20.29,-21.866
A,959,LYS,24,-18.975,-19.553
A,960,SER,14,-17.166,-16.802
A,961,LYS,20,-9.565,-10.765
A,962,LEU,38,-14.107,-16.855
A,963,VAL,34,-15.831,-17.92
A,964,SER,13,-12.607,-12.652
A,965,ASP,22,-9.289,-10.751
A,966,PHE,32,-13.143,-15.312
A,967,ARG,26,-11.287,-12.979
A,968,LYS,12,-7.272,-7.816
A,969,ASP,26,-5.09,-7.495
A,970,PHE,28,-8.238,-10.511
A,971,GLN,12,-7.001,-7.576
A,972,PHE,32,-11.213,-13.604
A,973,TYR,18,-10.033,-10.949
A,974,LYS,21,-11.24,-12.362
A,975,VAL,32,-13.477,-15.607
A,976,ARG,6,-12.872,-12.082
A,977,GLU,20,-10.419,-11.521
A,978,ILE,33,-11.474,-13.95
A,979,ASN,33,-15.677,-17.669
A,980,ASN,28,-18.063,-19.206
A,981,TYR,27,-19.4,-20.274
A,982,HIS,22,-20.054,-20.278
A,983,HIS,29,-20.915,-21.845
A,984,ALA,36,-21.968,-23.581
A,985,HIS,30,-21.323,-22.321
A,986,ASP,28,-20.892,-21.71
A,987,ALA,37,-20.992,-22.833
A,988,TYR,32,-21.555,-22.756
A,989,LEU,33,-22.038,-23.298
A,990,ASN,38,-20.013,-22.082
A,991,ALA,39,-19.925,-22.119
A,992,VAL,37,-17.581,-19.814
A,993,VAL,34,-18.725,-20.482
A,994,GLY,41,-19.274,-21.773
A,995,THR,32,-18.041,-19.646
A,996,ALA,28,-14.569,-16.113
A,997,LEU,38,-12.828,-15.722
A,998,ILE,28,-13.406,-15.084
A,999,LYS,27,-9.282,-11.32
A,1000,LYS,26,-8.823,-10.798
A,1001,TYR,33,-7.716,-10.624
A,1002,PRO,13,-8.136,-8.695
A,1003,LYS,17,-6.333,-7.56
A,1004,LEU,34,-9.527,-12.341
A,1005,GLU,15,-9.514,-10.145
A,1006,SER,10,-7.662,-7.931
A,1007,GLU,23,-12.161,-13.408
A,1008,PHE,33,-16.219,-18.149
A,1009,VAL,31,-14.28,-16.203
A,1010,TYR,32,-12.883,-15.081
A,1011,GLY,25,-5.219,-7.494
A,1012,ASP,4,-0.27,-0.699
A,1013,TYR,20,-2.259,-4.299
A,1014,LYS,6,-1.065,-1.633
A,1015,VAL,8,-3.286,-3.829
A,1016,TYR,18,-4.016,-5.624
A,1017,ASP,4,-3.224,-3.314
A,1018,VAL,23,-5.78,-7.76
A,1019,ARG,4,-2.375,-2.562
A,1020,LYS,7,-2.847,-3.325
A,1021,MET,26,-4.385,-6.87
A,1022,ILE,20,-4.037,-5.873
A,1023,ALA,10,-2.389,-3.264
A,1024,LYS,1,0.05,-0.071
A,1025,SER,5,0.612,-0.033
A,1026,GLU,0,-0.965,-0.854
A,1027,GLN,1,-1.488,-1.432
A,1036,TYR,32,-5.41,-8.467
A,1037,PHE,34,-4.805,-8.162
A,1038,PHE,11,-2.233,-3.241
A,1039,TYR,24,-1.473,-4.064
A,1040,SER,26,-3.498,-6.086
A,1041,ASN,30,-4.657,-7.571
A,1042,ILE,34,-7.611,-10.646
A,1043,MET,29,-9.24,-11.512
A,1044,ASN,29,-4.725,-7.517
A,1045,PHE,26,-7.269,-9.423
A,1046,PHE,31,-8.854,-11.401
A,1047,LYS,26,-4.281,-6.779
A,1048,THR,9,-2.03,-2.832
A,1049,GLU,6,-0.755,-1.358
A,1050,ILE,24,-0.618,-3.307
A,1051,THR,10,2.013,0.631
A,1052,LEU,17,2.391,0.161
A,1053,ALA,31,4.521,0.436
A,1054,ASN,9,4.61,3.045
A,1055,GLY,8,3.746,2.395
A,1056,GLU,10,2.867,1.387
A,1057,ILE,6,3.54,2.443
A,1058,ARG,23,1.684,-1.155
A,1059,LYS,2,1.124,0.765
A,1060,ARG,26,-1.781,-4.567
A,1061,PRO,10,-0.472,-1.568
A,1062,LEU,3,-2.732,-2.762
A,1063,ILE,7,-3.496,-3.899
A,1064,GLU,30,-4.957,-7.837
A,1065,THR,9,-4.066,-4.633
A,1066,ASN,16,-4.686,-5.987
A,1067,GLY,7,0.578,-0.293
A,1068,GLU,11,0.508,-0.815
A,1069,THR,11,-0.791,-1.965
A,1070,GLY,0,0.342,0.303
A,1071,GLU,13,-3.663,-4.737
A,1072,ILE,13,-6.003,-6.808
A,1073,VAL,29,-9.468,-11.714
A,1074,TRP,28,-10.004,-12.073
A,1075,ASP,12,-5.636,-6.368
A,1076,LYS,18,-4.629,-6.167
A,1077,GLY,6,-2.659,-3.043
A,1078,ARG,11,-3.716,-4.554
A,1079,ASP,28,-5.458,-8.051
A,1080,PHE,18,-8.21,-9.336
A,1081,ALA,7,-7.602,-7.533
A,1082,THR,26,-7.472,-9.603
A,1083,VAL,30,-12.785,-14.765
A,1084,ARG,17,-10.793,-11.507
A,1085,LYS,15,-10.205,-10.756
A,1086,VAL,35,-15.901,-18.097
A,1087,LEU,30,-17.526,-18.96
A,1088,SER,12,-11.836,-11.855
A,1089,MET,23,-9.729,-11.255
A,1090,PRO,8,-10.296,-10.032
A,1091,GLN,13,-9.629,-10.017
A,1092,VAL,35,-14.974,-17.277
A,1093,ASN,35,-14.836,-17.154
A,1094,ILE,27,-17.65,-18.725
A,1095,VAL,34,-19.343,-21.028
A,1096,LYS,28,-20.329,-21.211
A,1097,LYS,29,-20.762,-21.71
A,1098,THR,26,-19.713,-20.436
A,1099,GLU,28,-15.303,-16.764
A,1100,VAL,18,-15.287,-15.599
A,1101,GLN,20,-12.017,-12.935
A,1102,THR,9,-7.403,-7.587
A,1137,PRO,1,-7.227,-6.511
A,1138,THR,11,-8.545,-8.827
A,1139,VAL,21,-12.818,-13.759
A,1140,ALA,17,-12.629,-13.132
A,1141,TYR,22,-16.356,-17.005
A,1142,SER,24,-16.995,-17.8
A,1143,VAL,23,-17.504,-18.136
A,1144,LEU,24,-17.091,-17.885
A,1145,VAL,22,-16.484,-17.118
A,1146,VAL,10,-15.439,-14.814
A,1159,SER,3,-10.317,-9.476
A,1160,VAL,6,-13.811,-12.913
A,1161,LYS,11,-15.189,-14.707
A,1162,GLU,10,-15.748,-15.087
A,1163,LEU,26,-16.305,-17.42
A,1164,LEU,23,-16.48,-17.229
A,1165,GLY,17,-15.004,-15.234
A,1166,ILE,28,-14.429,-15.99
A,1167,THR,6,-11.04,-10.461
A,1168,ILE,9,-8.598,-8.644
A,1169,MET,2,-6.757,-6.21
A,1170,GLU,22,-8.521,-10.071
A,1171,ARG,20,-7.883,-9.277
A,1172,SER,3,-5.74,-5.425
A,1173,SER,10,-4.91,-5.495
A,1174,PHE,23,-8.003,-9.727
A,1175,GLU,7,-5.173,-5.383
A,1176,LYS,5,-3.943,-4.064
A,1177,ASN,8,-4.652,-5.037
A,1178,PRO,12,-7.649,-8.149
A,1179,ILE,2,-8.304,-7.579
A,1180,ASP,7,-6.156,-6.253
A,1181,PHE,22,-8.232,-9.815
A,1182,LEU,21,-10.701,-11.885
A,1183,GLU,6,-8.014,-7.782
A,1184,ALA,9,-7.187,-7.395
A,1185,LYS,23,-9.036,-10.642
A,1186,GLY,13,-9.185,-9.624
A,1192,LYS,9,-10.023,-9.905
A,1193,ASP,6,-10.002,-9.542
A,1194,LEU,16,-13.868,-14.113
A,1195,ILE,7,-14.896,-13.988
A,1196,ILE,27,-15.976,-17.244
A,1197,LYS,17,-17.917,-17.811
A,1198,LEU,31,-17.79,-19.309
A,1199,PRO,21,-16.779,-17.264
A,1200,LYS,23,-16.904,-17.605
A,1201,TYR,24,-18.843,-19.436
A,1202,SER,34,-18.915,-20.65
A,1203,LEU,27,-16.708,-17.892
A,1204,PHE,33,-15.158,-17.21
A,1205,GLU,18,-12.244,-12.906
A,1206,LEU,20,-10.104,-11.242
A,1207,GLU,16,-5.763,-6.94
A,1208,ASN,9,-3.959,-4.539
A,1209,GLY,8,-6.374,-6.561
A,1210,ARG,18,-9.245,-10.252
A,1211,LYS,24,-12.107,-13.475
A,1212,ARG,27,-16.413,-17.63
A,1213,MET,25,-18.896,-19.598
A,1214,LEU,39,-18.879,-21.193
A,1215,ALA,15,-16.447,-16.28
A,1216,SER,13,-17.199,-16.716
A,1217,ALA,21,-16.896,-17.368
A,1218,GLY,6,-14.742,-13.737
A,1219,GLU,11,-14.131,-13.771
A,1220,LEU,26,-16.383,-17.489
A,1221,GLN,23,-15.139,-16.043
A,1222,LYS,27,-14.742,-16.152
A,1223,GLY,31,-15.595,-17.366
A,1224,ASN,23,-13.256,-14.376
A,1225,GLU,23,-14.657,-15.617
A,1226,LEU,32,-13.29,-15.442
A,1227,ALA,14,-11.75,-12.009
A,1228,LEU,37,-10.413,-13.471
A,1229,PRO,12,-7.15,-7.707
A,1230,SER,18,-8.344,-9.455
A,1231,LYS,13,-4.736,-5.686
A,1232,TYR,23,-6.973,-8.816
A,1233,VAL,24,-9.645,-11.296
A,1234,ASN,14,-5.507,-6.484
A,1235,PHE,22,-3.922,-6.001
A,1236,LEU,26,-5.132,-7.532
A,1237,TYR,20,-5.202,-6.904
A,1238,LEU,17,-0.937,-2.784
A,1239,ALA,28,-0.154,-3.356
A,1240,SER,19,-0.97,-3.043
A,1241,HIS,12,2.877,1.166
A,1242,TYR,11,2.33,0.797
A,1259,VAL,2,1.988,1.53
A,1260,GLU,8,2.174,1.004
A,1261,GLN,2,2.242,1.754
A,1262,HIS,14,-0.564,-2.109
A,1263,LYS,12,-0.56,-1.875
A,1264,HIS,1,-1.75,-1.664
A,1265,TYR,21,-1.774,-3.985
A,1266,LEU,29,-4.454,-7.277
A,1267,ASP,9,-3.833,-4.428
A,1268,GLU,15,-3.594,-4.906
A,1269,ILE,33,-5.084,-8.295
A,1270,ILE,24,-5.58,-7.698
A,1271,GLU,8,-4.345,-4.765
A,1272,GLN,23,-5.12,-7.176
A,1273,ILE,33,-6.563,-9.603
A,1274,SER,16,-6.086,-7.226
A,1275,GLU,11,-5.642,-6.258
A,1276,PHE,24,-10.281,-11.858
A,1277,SER,26,-9.684,-11.561
A,1278,LYS,9,-7.944,-8.065
A,1279,ARG,19,-8.399,-9.618
A,1280,VAL,27,-10.444,-12.348
A,1281,ILE,31,-11.945,-14.136
A,1282,LEU,18,-10.632,-11.48
A,1283,ALA,31,-9.903,-12.33
A,1284,ASP,0,-7.077,-6.264
A,1285,ALA,7,-5.437,-5.617
A,1286,ASN,29,-6.875,-9.42
A,1287,LEU,17,-7.171,-8.302
A,1288,ASP,2,-5.444,-5.048
A,1289,LYS,19,-5.05,-6.654
A,1290,VAL,35,-7.149,-10.351
A,1291,LEU,15,-6.426,-7.412
A,1292,SER,11,-3.609,-4.459
A,1293,ALA,25,-4.472,-6.833
A,1294,TYR,24,-4.048,-6.342
A,1295,ASN,6,-1.512,-2.028
A,1296,LYS,13,0.684,-0.89
A,1297,HIS,23,-0.323,-2.931
A,1298,ARG,12,0.407,-1.02
A,1299,ASP,6,2.329,1.371
A,1300,LYS,20,2.261,-0.299
A,1301,PRO,6,2.368,1.406
A,1302,ILE,18,0.879,-1.292
A,1303,ARG,2,0.663,0.356
A,1304,GLU,10,0.848,-0.4
A,1305,GLN,23,-2.047,-4.457
A,1306,ALA,20,-3.335,-5.252
A,1307,GLU,11,-2.122,-3.143
A,1308,ASN,25,-4.553,-6.905
A,1309,ILE,37,-5.474,-9.1
A,1310,ILE,21,-5.949,-7.68
A,1311,HIS,23,-5.658,-7.653
A,1312,LEU,36,-6.96,-10.3
A,1313,PHE,22,-10.162,-11.523
A,1314,THR,16,-11.295,-11.836
A,1315,LEU,36,-11.259,-14.105
A,1316,THR,29,-12.496,-14.394
A,1317,ASN,23,-14.821,-15.762
A,1318,LEU,35,-14.801,-17.124
A,1319,GLY,20,-13.894,-14.596
A,1320,ALA,10,-13.277,-12.9
A,1321,PRO,25,-12.441,-13.885
A,1322,ALA,14,-10.017,-10.475
A,1323,ALA,7,-8.305,-8.155
A,1324,PHE,25,-7.584,-9.587
A,1325,LYS,3,-5.686,-5.377
A,1326,TYR,29,-5.38,-8.097
A,1327,PHE,19,-2.049,-3.998
A,1328,ASP,9,-1.732,-2.568
A,1329,THR,23,-3.969,-6.158
A,1330,THR,4,-5.41,-5.247
A,1331,ILE,32,-6.576,-9.5
A,1332,ASP,4,-6.01,-5.779
A,1333,ARG,15,-8.083,-8.878
A,1334,LYS,20,-8.143,-9.507
A,1335,ARG,7,-11.669,-11.132
A,1336,TYR,28,-12.384,-14.18
A,1337,THR,3,-11.038,-10.113
A,1338,SER,6,-12.368,-11.636
A,1339,THR,23,-14.219,-15.229
A,1340,LYS,2,-13.519,-12.195
A,1341,GLU,29,-13.106,-14.934
A,1342,VAL,36,-16.144,-18.428
A,1343,LEU,16,-15.641,-15.683
A,1344,ASP,5,-12.489,-11.628
A,1345,ALA,28,-12.149,-13.972
A,1346,THR,20,-12.69,-13.531
A,1347,LEU,26,-15.022,-16.285
A,1348,ILE,32,-13.383,-15.524
A,1349,HIS,14,-15.06,-14.938
A,1350,GLN,31,-15.853,-17.595
A,1351,SER,28,-14.223,-15.808
A,1352,ILE,23,-16.908,-17.608
A,1353,THR,31,-16.182,-17.886
A,1354,GLY,33,-14.091,-16.265
A,1355,LEU,27,-9.21,-11.256
A,1356,TYR,12,-8.488,-8.892
A,1357,GLU,31,-10.25,-12.636
A,1358,THR,8,-9.419,-9.255
A,1359,ARG,20,-10.071,-11.213
A,1360,ILE,17,-11.186,-11.855
A,1361,ASP,20,-9.611,-10.805
A,1362,LEU,14,-11.298,-11.609
A,1363,SER,8,-9.937,-9.714
